1,The Pop Shoppe - Root Beer,Donec semper sapien a libero. Nam dui.,653.98,694
2,Beer - Creemore,Morbi a ipsum.,440.65,823
3,Mousse - Banana Chocolate,Pellentesque at nulla. Suspendisse potenti. Cras in purus eu magna vulputate luctus.,195.3,607
4,Beans - Yellow,Vivamus tortor. Duis mattis egestas metus.,309.4,416
5,Bagelers - Cinn / Brown,Ut tellus.,18.25,232
6,Tomato - Green,In blandit ultrices enim.,138.43,657
7,Soup Bowl Clear 8oz92008,Integer tincidunt ante vel ipsum. Praesent blandit lacinia erat.,77.83,20
8,Cleaner - Pine Sol,Etiam faucibus cursus urna. Ut tellus. Nulla ut erat id mauris vulputate elementum.,639.99,699
9,Sauce - Rosee,"Cum sociis natoque penatibus et magnis dis parturient montes, nascetur ridiculus mus.",372.68,633
10,Wine - Segura Viudas Aria Brut,Donec quis orci eget orci vehicula condimentum.,5.87,271
